<?xml version="1.0" encoding="UTF-8" standalone="yes"?>
<addon id="plugin.video.Live.Tv" 
               name="[COLOR orange][B][COLOR lime] LIVE[/COLOR] TV[/COLOR][/B]"
       version="2.8.5" 
       provider-name="LIVE TV">
  <requires>
    <import addon="xbmc.python" version="2.1.0"/>
	<import addon="script.module.t0mm0.common" version="2.0.0"/>
    <import addon="script.module.beautifulsoup" version="3.2.1"/>
    <import addon="script.module.simple.downloader" version="0.9.4"/>
    <import addon="script.module.beautifulsoup4" />
    <import addon="script.module.simple.downloader" version="0.9.4"/>
    <import addon="script.module.requests" />
    <import addon="script.module.httplib2" />
    <import addon="script.module.youtube.dl" optional="true"/>
    <import addon="script.module.urlresolver" optional="true"/>
    <import addon="script.module.simplejson" /> 
    <import addon="script.common.plugin.cache" version="2.5.2"/>
    <import addon="script.module.metahandler" version="2.5.1"/>
  </requires>
  <extension point="xbmc.python.pluginsource" library="livetv.py">
        <provides>video</provides>
  </extension>                   
    <extension point="xbmc.addon.repository" name="Repositorio [COLOR orange][B]Live [/B][/COLOR][COLOR lime][B]TV[/B][/COLOR]">
		<info compressed="false">https://raw.githubusercontent.com/add-on-tjs/LiveTV/master/addons.xml</info>
		<checksum>https://raw.githubusercontent.com/add-on-tjs/LiveTV/master/addons.xml.md5</checksum>
		<datadir zip="true">https://raw.githubusercontent.com/add-on-tjs/LiveTV/master/ZipFiles</datadir> 
	</extension>
  <extension point="xbmc.addon.metadata">
    <summary lang="en">FILMES [COLOR lime]|[/COLOR] SÉRIES [COLOR lime]|[/COLOR] ANIMES [COLOR lime]|[/COLOR] FILMES MAIS ESPERADOS [COLOR lime]|[/COLOR] COLETÂNEA [COLOR lime]|[/COLOR] TV AO VIVO</summary>
	<description lang="en">[COLOR orange][B]Live TV[/B][/COLOR][COLOR lime][B] é Responsável Por Todos Os Conteúdos encontrado neste addon[/B][/COLOR]MELHOR LISTA DE CANAIS VIA INTERNET  [COLOR orange][B][COLOR lime]LIVE[/COLOR] TV[/B]</description>
	<disclaimer lang="en">O autor não é de forma alguma afiliado à Kodi, à Team Kodi ou à XBMC Foundation. Este é um recurso sem fins lucrativos, organizado exclusivamente para fins educacionais e protegido pela doutrina de uso justo da Lei de Direitos Autorais, especificamente a seção 107, que promove a liberdade de expressão, permitindo o uso não licenciado de obras protegidas por direitos autorais.</disclaimer>
    <platform>all</platform>
  </extension>
</addon>